label,class,BSI_month1,BSI_month2,BSI_month3,BSI_trend,BSI_consistency,BSI_variance,NDVI_trend,NDBI_month1,NDBI_month2,NDBI_month3,NDBI_trend,MNDWI_min,VV_month1,VV_month2,VV_month3,VV_trend,VV_consistency,VH_VV_ratio_change,VV_VH_diff_month1,VV_VH_diff_month3,VV_VH_diff_trend
1,construction,0.05367420693347611,0.03852670349907919,0.0370533421380879,-0.016620864795388213,0.0370533421380879,-0.0068370710367028145,0.01584729366004467,-0.024390242993831635,-0.051392704248428345,-0.07054050266742706,-0.04615025967359543,-0.136978879570961,-0.4271074104857726,3.109859000492232,3.927267208934353,4.354374619420126,3.927267208934353,-43.65582921193693,16.47087225142625,19.9978743354749,3.5270020840486502
1,construction,0.11288343558282209,0.10252910477719791,0.13882635449497224,0.025942918912150156,0.10252910477719791,-0.023325790261699245,0.03478602319955826,0.06977851688861847,0.04511553794145584,0.06622981280088425,-0.003548703622072935,-0.33372920751571655,-5.323978369102832,-2.5975668043217532,-11.244985359122845,-5.921006990020013,-2.5975668043217532,-1.7572052990931968,12.76951429563232,7.211248514446014,-5.558265781186305
1,construction,0.1296943231441048,0.1082945432112613,0.14159951242635607,0.01190518928225126,0.1082945432112613,-0.02735237457396915,-0.018406985327601433,0.07165326923131943,0.027790188789367676,0.07025884836912155,-0.0013944196980446577,-0.2939072549343109,-9.745361247285652,-7.180544140812235,-7.5562644925893085,2.189096754696344,-7.180544140812235,0.6358642354108321,5.0709004793871895,8.736584396103181,3.6656839167159916
1,construction,0.07881462799495587,0.053762330217424985,0.14462462462462464,0.06580999662966877,0.053762330217424985,-0.05795729609236527,0.005169366020709276,-0.005470459349453449,-0.012805587612092495,0.09735744446516037,0.10282789915800095,-0.2700931429862976,-0.986793543516041,-0.4467829124127652,-3.4956978498164695,-2.5089043063004284,-0.4467829124127652,-12.61279047858655,15.748092705272308,11.696822154916703,-4.051270550355605
1,construction,0.1449112558975511,0.12702718996804727,0.1368365944637131,-0.008074661433838004,0.12702718996804727,-0.013846735212584838,-0.03852513059973717,0.11167512834072113,0.091032475233078,0.09648852050304413,-0.015186608768999577,-0.31003937125205994,-8.253180035761597,-6.1730924440656,-6.9709991822656905,1.2821808534959063,-6.1730924440656,0.3433228078312043,6.741115225843043,8.087145691865071,1.3460304660220288
1,construction,0.18452975595832738,0.119341046277666,0.13497251952560024,-0.049557236432727136,0.119341046277666,-0.04041009146429782,0.06364812701940536,0.1339101791381836,0.020314734429121017,0.029245028272271156,-0.10466514527797699,-0.4438614845275879,-6.843981680733997,-5.609412330510459,-11.544130348776205,-4.700148668042209,-5.609412330510459,-0.3546186602058201,10.897419368073294,14.287528537300988,3.390109169227694
1,construction,0.19596240863209188,0.20247386246502724,0.28469131023804917,0.08872890160595728,0.19596240863209188,-0.037852996970043296,0.05525517091155052,0.1985989511013031,0.23776386678218842,0.35395190119743347,0.15535293519496918,-0.4816671907901764,-7.087269853232793,-8.591744657960612,-6.716231623581775,0.37103822965101774,-6.716231623581775,0.36415068158639596,6.506955805439399,8.612018948807117,2.105063143367718
1,construction,0.09378607809847199,0.10051527687060019,0.12262468005894671,0.02883860196047472,0.09378607809847199,-0.007690102208109159,0.05546491593122482,0.05561723932623863,0.05448613315820694,0.07182320207357407,0.016205964609980583,-0.35694822669029236,-5.56720659768611,-7.605788345814183,-7.989607205855275,-2.4224006081691654,-5.56720659768611,-0.28960587634116397,6.083280949516301,6.416398417505501,0.33311746798919994
1,construction,0.17459086325913287,0.1279960053262317,0.181918856337461,0.007327993078328127,0.1279960053262317,-0.05025885447206521,-0.003775316523388028,0.19381986558437347,0.11342717707157135,0.181788831949234,-0.012031043879687786,-0.35958394408226013,-11.243164666854707,-9.05924142167657,-10.50500384184183,0.7381608250128764,-9.05924142167657,-0.163211155926565,4.4312986017575575,2.4258314788019675,-2.00546712295559
1,construction,0.11652983702977576,0.09457629534601952,0.11736062804332704,0.0008307910135512825,0.09457629534601952,-0.022368937190531873,-0.11262144893407822,0.1089649349451065,0.04244000464677811,-0.014483915641903877,-0.12344885617494583,-0.4156811237335205,-5.694539998021742,-5.6078468369678385,-5.679925187671228,0.014614810350514595,-5.6078468369678385,-1.199658181843571,9.537705797322058,2.699258931196888,-6.83844686612517
1,construction,0.06960990422798412,0.053822420294823446,0.07879088206144698,0.009180977833462861,0.053822420294823446,-0.020377972849892102,0.043388012796640396,0.038143787533044815,0.00539036700502038,0.018084904178977013,-0.020058881491422653,-0.3598894774913788,-7.892090428985494,-5.3639733925546516,-6.586042072747976,1.3060483562375182,-5.3639733925546516,0.5473732867637051,5.526344310801726,8.216822672392576,2.6904783615908503
1,construction,0.12438686957615394,0.11179724688022642,0.1389246728591769,0.014537803283022954,0.11179724688022642,-0.019858524337438996,0.01582556776702404,0.12207012623548508,0.08670081943273544,0.09943752735853195,-0.022632604464888573,-0.4020618498325348,-13.293145298668204,-10.27462280358653,-9.408622447338493,3.884522851329711,-9.408622447338493,0.769046555071579,3.051385715760702,9.395378478569926,6.343992762809224
1,construction,0.21923857262203128,0.228186804055177,0.2340321794246709,0.014793606802639608,0.21923857262203128,0.0015514280318258966,0.026548394933342934,0.28308823704719543,0.295643150806427,0.349507212638855,0.06641896814107895,-0.4268537163734436,-2.645530365209977,-3.2760044230397782,0.592009815919706,3.237540181129683,0.592009815919706,-12.881901198969807,5.017582083493691,6.503390656833977,1.485808573340286
1,construction,0.013160006419515327,-0.029628231741838082,-0.044120295335854494,-0.05728030175536982,-0.044120295335854494,-0.014148087283668499,-0.15510937571525574,-0.1083950623869896,-0.1483430564403534,-0.16675011813640594,-0.05835506319999695,-0.2939346730709076,-10.863572001562256,-10.763468098738521,-14.74833979322646,-3.8847677916642045,-10.763468098738521,-0.314811636992403,7.174516855461695,5.097145003607189,-2.0773718518545063
1,construction,0.054607063729962206,0.04309586631486367,0.06630651488841727,0.011699451158455061,0.04309586631486367,-0.017360922994326067,0.13845542073249817,-0.0029075401835143566,-0.021391578018665314,-0.028674215078353882,-0.025766674429178238,-0.31023943424224854,-11.18388092634908,-5.1357065421743995,-10.428923086085437,0.7549578402636428,-5.1357065421743995,0.09380908342268879,6.288483482135057,6.84231276670468,0.5538292845696233
1,construction,0.1367696115355644,0.10888324873096447,0.13725003105204323,0.00048041951647881387,0.10888324873096447,-0.028126572562839347,0.01766846887767315,0.11329872906208038,0.09025117009878159,0.08056078851222992,-0.03273794427514076,-0.26166626811027527,-0.8011955659058458,-3.4447587025447297,-1.5251688700590351,-0.7239733041531893,-0.8011955659058458,0.9107073887856352,5.842308725007373,12.510496176799633,6.668187451792259
1,construction,0.18849089841456254,0.18713269409217445,0.22137546468401487,0.032884566269452326,0.18713269409217445,-0.01780048745711424,0.0028532310388982296,0.1682453751564026,0.17327667772769928,0.22027726471424103,0.05203189700841904,-0.44343218207359314,-9.525654573465806,-7.063508555736163,-11.428887778190875,-1.903233204725069,-7.063508555736163,-0.5155598355014417,7.19258899364632,2.737398375063764,-4.455190618582556
1,construction,0.11588773567524412,0.09919917334022217,0.13424573273873597,0.01835799706349185,0.09919917334022217,-0.025867560866767877,0.005580039694905281,0.05996561795473099,0.04634353891015053,0.06913827359676361,0.009172658436000347,-0.2638436555862427,-9.445453509120215,-8.313057768232976,-10.213073713129932,-0.7676202040097166,-8.313057768232976,0.05453400039871559,5.687024452685753,6.706161589611797,1.0191371369260445
1,construction,0.03028173961919483,0.03054928517682468,0.06774763204366673,0.037465892424471896,0.03028173961919483,-0.018465400654606095,0.0654248595237732,-0.02373977191746235,-0.02392757125198841,-0.006833176128566265,0.01690659485757351,-0.37880632281303406,-10.063099954680068,-10.699023422838701,-11.202099523275333,-1.1389995685952652,-10.063099954680068,0.05218473812178792,7.261491114592781,8.667967100724933,1.4064759861321523
1,construction,0.010786455488803932,0.040035521349811296,0.06625038074931465,0.05546392526051072,0.010786455488803932,0.0015171032307520066,0.12449012696743011,-0.04653076082468033,-0.023880906403064728,-0.009583288803696632,0.036947473883628845,-0.4196270704269409,-6.879653158560849,-6.970614151376158,-13.699283156427061,-6.819629997866212,-6.879653158560849,-0.7441805333459308,6.566754323629734,2.8814756006291553,-3.685278723000579
1,construction,0.07733545120619478,0.03098086124401914,0.021561232477051162,-0.05577421872914362,0.021561232477051162,-0.018467480597603832,-0.028854863718152046,0.004587935283780098,-0.09567523747682571,-0.10809141397476196,-0.11267934739589691,-0.16217809915542603,-9.080599151801378,-5.247707457026119,-5.247687568682603,3.832911583118775,-5.247687568682603,0.4313466881145531,5.752631305751452,5.588024188174189,-0.16460711757726276
1,construction,0.08331420702318108,0.13798355162960707,0.018342820999367487,-0.0649713860238136,0.018342820999367487,0.08715503761833279,0.1144116148352623,0.05714285746216774,0.09256594628095627,-0.053513262420892715,-0.11065611988306046,-0.3507263660430908,-5.882905211897226,-6.7242264189817424,-5.081194322406487,0.8017108894907388,-5.081194322406487,0.09708566501196003,10.696155630499602,9.731815457836392,-0.9643401726632099
1,construction,-0.003384476534296029,0.022175809324897107,0.0754374500834967,0.07882192661779273,-0.003384476534296029,-0.013850677449703225,0.02421591989696026,-0.03598601743578911,-0.015709208324551582,0.015497039072215557,0.05148305743932724,-0.17526975274085999,-2.908707021340361,-1.3245045063311778,-2.4415934785059847,0.46711354283437645,-1.3245045063311778,-0.14862981601839476,17.43570445563366,14.272785418284636,-3.162919037349022
1,construction,0.1067469116249604,0.08131751607131023,0.10955491212712949,0.002808000502169089,0.08131751607131023,-0.02683339580473472,0.025948166847229004,0.04460930824279785,0.0044516390189528465,0.028078202158212662,-0.01653110422194004,-0.3181762993335724,0.6450071236570317,2.5694548624658173,-1.347988606570829,-1.992995730227861,2.5694548624658173,18.868059539831908,8.467706419746605,7.737424305199753,-0.7302821145468519
1,construction,0.08646147065305224,0.07835479850436228,0.13418803418803418,0.04772656353498195,0.07835479850436228,-0.03196995391618093,0.11192119866609573,0.02960737980902195,-0.007042253389954567,0.043216343969106674,0.01360896322876215,-0.3979026973247528,-8.419420161077745,-7.425272637096083,-9.875804810873905,-1.45638464979616,-7.425272637096083,0.01696269025370367,3.571511359529639,4.3568287917304644,0.7853174322008254
1,construction,0.0497658544328915,0.046908484800380984,0.02822106500923904,-0.02154478942365246,0.02822106500923904,0.007915025079315713,0.015566879883408546,-0.009331054985523224,-0.03604951873421669,-0.05806636065244675,-0.04873530566692352,-0.206659197807312,-8.040795923218834,-6.207196866741636,-7.3143768963353555,0.7264190268834785,-6.207196866741636,0.24752348625365928,8.698706777835781,9.723331047012026,1.024624269176245
1,construction,0.13804713804713806,0.11460795569662997,0.15337070576397874,0.01532356771684068,0.11460795569662997,-0.031100966208928424,4.6442717575700954e-05,0.10208884626626968,0.07333983480930328,0.13198085129261017,0.029892003163695335,-0.33926644921302795,-8.983474016753211,-8.422816805519023,-7.912662602935754,1.0708114138174576,-7.912662602935754,0.18463246703746483,6.6568019304971635,7.324259406230047,0.667457475732883
1,construction,0.09634405450948788,0.10590440487347703,0.11571761571761571,0.019373561208127832,0.09634405450948788,-0.00012643024007476245,0.00575930904597044,0.059635624289512634,0.07104254513978958,0.08013759553432465,0.02050197497010231,-0.310750275850296,-10.422376761627842,-12.450077025561407,-13.519818689393716,-3.0974419277658747,-10.422376761627842,-0.22802002375378416,5.622991487363382,4.2113074611899535,-1.411684026173429
1,construction,0.03992970809333203,-0.02738524510281649,0.012153621779290228,-0.027776086314041805,-0.02738524510281649,-0.05342691003912762,-0.013338892720639706,-0.026413757354021072,-0.10795558243989944,-0.07517287880182266,-0.04875911772251129,-0.10016025602817535,-7.8728048334031815,-7.911477931615224,-14.59831098397449,-6.725506150571308,-7.8728048334031815,-0.9849093852328543,7.79853549677023,0.08258203574183653,-7.715953461028393
1,construction,0.06748211879340728,0.09718095514167693,0.10939571150097466,0.04191359270756738,0.06748211879340728,0.008742039994485973,-0.012808558531105518,0.00897531770169735,0.05276477336883545,0.0663805827498436,0.0574052631855011,-0.18757466971874237,-2.847318591401091,-1.1645581683696622,-0.6441073540943016,2.203211237306789,-0.6441073540943016,10.961667718193134,6.975117044908927,8.638369780807773,1.6632527358988458
1,construction,0.15549324496558756,0.15842819273351005,0.16117092866756394,0.005677683701976383,0.15549324496558756,9.610591693431925e-05,-0.012207780964672565,0.10182339698076248,0.10704771429300308,0.12119594216346741,0.019372545182704926,-0.32052579522132874,-2.1669464279934756,-0.8936595669186581,-2.970230107820551,-0.8032836798270755,-0.8936595669186581,-0.3177382462658107,8.066871967848563,10.113493188788686,2.046621220940123
1,construction,0.08787255909558069,0.09689293060517484,0.0980690780527604,0.010196518957179712,0.08787255909558069,0.003922112031004302,-0.016398470848798752,0.025564175099134445,0.022850925102829933,0.012828677892684937,-0.012735497206449509,-0.21608039736747742,-4.67204951566964,-2.349024812348795,-8.043129963194646,-3.3710804475250065,-2.349024812348795,-1.2179559324776579,8.052479619237394,4.066504868986829,-3.9859747502505645
1,construction,0.08227222512936799,0.06081885265412997,0.07784431137724551,-0.004427913752122481,0.06081885265412997,-0.01923941559917678,0.013951323926448822,0.01783313974738121,-0.003868828294798732,0.004165509715676308,-0.013667630031704903,-0.2946246862411499,-5.465476089719276,-6.933946380906565,-7.279549375497344,-1.8140732857780675,-5.465476089719276,-0.4649690183330646,7.942566638901473,7.194058411856779,-0.7485082270446943
1,construction,0.07445524877564057,0.03768808887638869,0.06163462299232534,-0.012820625783315227,0.03768808887638869,-0.030356847007594265,-0.02106127329170704,0.003854283131659031,-0.05163043364882469,-0.017712481319904327,-0.021566763520240784,-0.14299409091472626,-9.811910843821078,-9.783080313272805,-8.949357476802584,0.8625533670184939,-8.949357476802584,0.24567719456955817,3.551960156002968,5.43836461777231,1.8864044617693416
1,construction,0.032607147942474726,0.042130043022972644,0.1012417293573824,0.06863458141490768,0.032607147942474726,-0.024794395626955915,0.038609836250543594,-0.021232735365629196,-0.012518662959337234,0.061436548829078674,0.08266928791999817,-0.3895595967769623,-6.9638555216618645,-4.4933551190254954,-10.743589515030873,-3.7797339933690086,-4.4933551190254954,-0.4289003240094367,7.387613779795521,6.789419714593702,-0.5981940652018185
1,construction,0.12154465898041394,0.1070154577883472,0.12048404068747808,-0.0010606182929358693,0.1070154577883472,-0.013998892045598815,0.026304535567760468,0.08176914602518082,0.06685499101877213,0.09184668958187103,0.010077541694045067,-0.34243640303611755,-5.408102976011142,-4.3656644423394,-9.29253465006288,-3.884431674051738,-4.3656644423394,-1.2129917766026668,7.439032720589127,1.5104347441772834,-5.928597976411844
1,construction,0.02754644458680333,-0.024251069900142655,0.02512036843207034,-0.002426076154732993,-0.024251069900142655,-0.05058447640957949,0.05398081988096237,-0.03980344161391258,-0.1202513575553894,-0.07035175710916519,-0.030548319220542908,-0.20836055278778076,-7.811274174801875,-3.427195335114066,-2.412348789624547,5.3989253851773285,-2.412348789624547,3.3097628879431924,9.804301860596004,11.012156236953496,1.207854376357492
1,construction,0.026220362622036263,0.05890318212593094,0.06574268259323425,0.03952231997119798,0.026220362622036263,0.01292165951829568,-0.0359407439827919,-0.07386363297700882,-0.06885947287082672,-0.03068450093269348,0.04317913576960564,-0.1403183937072754,0.3115516938717321,-2.674002879952987,0.11945720405101568,-0.19209448982071642,0.3115516938717321,-55.88288272738529,11.577213962308662,11.114624613325322,-0.4625893489833395
1,construction,0.13180964308077645,0.08784692021823358,0.10159033631702442,-0.03021930676375202,0.08784692021823358,-0.028853069480666863,0.01039676833897829,0.06180904433131218,0.004392764996737242,0.023188823834061623,-0.038620222359895706,-0.31038761138916016,-2.686392740818679,-2.8719134594260236,-6.040960544426102,-3.3545678036074227,-2.686392740818679,-2.5592834480959636,8.718384404990172,4.144725221872595,-4.573659183117576
1,construction,0.09017620638028331,0.07845072159861848,0.06345161891740725,-0.026724587462876065,0.06345161891740725,0.0016368089497731941,0.018526114523410797,0.0526934377849102,0.020107794553041458,0.002524975221604109,-0.050168462097644806,-0.20568418502807617,-6.02630277563604,-0.10785967744747411,-3.704770592102245,2.321532183533795,-0.10785967744747411,2.1325704685401803,5.766363293904895,11.445652798283394,5.679289504378499
1,construction,0.14650657810703793,0.12160095738315271,0.13761179978032323,-0.008894778326714703,0.12160095738315271,-0.020458231560527868,-0.02327471785247326,0.08042024821043015,0.038511551916599274,0.0662650614976883,-0.014155187644064426,-0.4075546860694885,-9.401478194746272,-5.501164784002419,-2.8691353964233333,6.532342798322938,-2.8691353964233333,4.047839907803557,4.58264737405441,13.012329321582184,8.429681947527774
1,construction,0.0778318276580959,0.056928630935851154,0.045906294368196876,-0.03192553328989903,0.045906294368196876,-0.004940430077295235,-0.015611447393894196,0.013638843782246113,-0.00743331853300333,-0.052662987262010574,-0.06630183011293411,-0.2938718795776367,-2.8004546810362507,-4.809454865608654,-2.781407509689377,0.019047171346873615,-2.781407509689377,1.0377614928978272,9.918995472956098,12.73796946402062,2.8189739910645226
1,construction,0.09499683343888538,0.07539323811245706,0.09000169176112333,-0.004995141677762049,0.07539323811245706,-0.01710602448754729,-0.030742252245545387,0.024960169568657875,-0.0017867778660729527,0.0011065007420256734,-0.023853668943047523,-0.2336799055337906,4.500977209178531,1.135845781732245,-0.12676805080399497,-4.627745259982526,4.500977209178531,92.24970589073682,15.629122970726193,11.254128003097756,-4.374994967628437
1,construction,0.0800041941910454,0.09870213106873899,0.09219135015719263,0.012187155966147223,0.0800041941910454,0.012604358894619971,-0.007681217044591904,-0.003410518867895007,0.04943067580461502,0.043166499584913254,0.04657701775431633,-0.23079340159893036,-8.329018941533867,0.16141365363088478,0.744675675799218,9.073694617333086,0.744675675799218,-21.177814918326327,2.6597622611327267,15.532801288442592,12.873039027309865
1,construction,-0.021070703917590135,-0.03927903417786091,0.012464046021093002,0.033534749938683134,-0.03927903417786091,-0.034975705229612346,-0.07682617753744125,-0.1392560750246048,-0.16555023193359375,-0.0826813280582428,0.0565747432410717,-0.14974820613861084,-4.492670636426581,-5.588286281219294,-3.5668551420651906,0.9258154943613905,-3.5668551420651906,0.2407729219822281,14.245480408452906,12.16868197203741,-2.076798436415496
1,construction,0.07384987893462469,0.024892414142266475,-0.008446641944787803,-0.0822965208794125,-0.008446641944787803,-0.007809204352651967,-0.0273500457406044,-0.03979328274726868,-0.11296948045492172,-0.18005843460559845,-0.14026515185832977,-0.15475450456142426,-4.771296499874722,-3.9109718511899847,-5.153752546053757,-0.38245604617903517,-3.9109718511899847,0.01428916945215386,5.302676458275246,5.801369531244233,0.4986930729689867
1,construction,0.05613887722245555,0.014304674826721722,0.0703500912560146,0.014211214033559051,0.014304674826721722,-0.04893980941251336,0.01878032274544239,0.04195953160524368,-0.0465475395321846,0.0043821209110319614,-0.03757740929722786,-0.3358820378780365,-11.652461727257474,-12.23465668660333,-14.807863325870823,-3.1554015986133486,-11.652461727257474,-0.4636824629767511,9.609098273969892,5.345025423091549,-4.2640728508783425
1,construction,0.10981393651951843,0.11712561297623539,0.12456071846934791,0.01474678194982948,0.10981393651951843,-6.171451819778073e-05,0.06168122962117195,0.10789401829242706,0.1124243289232254,0.10571558028459549,-0.002178439637646079,-0.36153072118759155,-7.299781825163943,-6.144077090164328,-6.386370201053281,0.9134116241106618,-6.144077090164328,-0.19602722427658925,5.292272680948135,3.378155481432736,-1.914117199515399
1,construction,0.1859188694719576,0.14029475608362846,0.14489705556785476,-0.04102181390410284,0.14029475608362846,-0.025113206436277735,-0.020425058901309967,0.1358937919139862,0.08422321826219559,0.0748150646686554,-0.06107872352004051,-0.39554932713508606,-8.628393664752522,-11.24320015716773,-12.263161437267868,-3.634767772515346,-8.628393664752522,-0.2360536179692767,9.818227755497894,11.059457365786901,1.2412296102890075
1,construction,0.10111345170027083,0.08253180266832144,0.11576725957190231,0.01465380787163148,0.08253180266832144,-0.025908552967765133,0.0220336876809597,0.03736991435289383,-0.005448241718113422,0.01852731592953205,-0.018842598423361778,-0.2918998599052429,-6.137740710721561,-11.277158885532293,-12.087695444175143,-5.949954733453582,-6.137740710721561,-1.0546883929296078,8.672749664132583,4.3314019262998755,-4.341347737832708
1,construction,0.12685140946010512,0.08382372172093631,0.14344703770197487,0.016595628241869748,0.08382372172093631,-0.051325501860103664,0.08380512148141861,0.061231885105371475,-0.00040128410910256207,0.0797351747751236,0.01850329153239727,-0.3359178900718689,-10.636454408362045,-9.172058727108066,-9.160213199760964,1.4762412086010812,-9.160213199760964,0.052447942855083696,10.483665529589366,9.509064338540512,-0.9746011910488548
1,construction,0.09327036599763873,0.06478043784406606,0.07730737206174342,-0.015962993935895314,0.06478043784406606,-0.02050843118562501,0.018665127456188202,0.010023130103945732,-0.04953625798225403,-0.046658799052238464,-0.056681931018829346,-0.2174721211194992,-9.118872552053286,-9.356266900858136,-9.836467216974503,-0.7175946649212168,-9.118872552053286,-0.35264031224788983,6.618900630567477,3.6710292495174297,-2.9478713810500476
1,construction,0.059008160703075956,0.05327197566492473,0.03261070965351121,-0.026397451049564744,0.03261070965351121,0.007462540486631149,0.013817649334669113,0.05411255359649658,0.010847729630768299,-0.004947229754179716,-0.059059783816337585,-0.1972956359386444,-10.14133496554656,-10.169921030173244,-4.557495052987909,5.583839912558652,-4.557495052987909,0.8592459592005335,4.696238253228673,6.026489010024951,1.3302507567962785
1,construction,0.08582478060389707,0.07517283626498644,0.038645564961354434,-0.04717921564254264,0.038645564961354434,0.012937663482360688,-0.0012002165894955397,0.043079275637865067,0.03319861367344856,-0.00039385585114359856,-0.04347313195466995,-0.24943271279335022,-2.7051301299762467,-0.6419365981418365,-9.48999696462057,-6.784866834644323,-0.6419365981418365,-4.945611608409699,14.404023330019914,3.597607067710081,-10.806416262309833
1,construction,0.10074841681059298,0.01385299286674248,0.02401604412133367,-0.07673237268925931,0.01385299286674248,-0.04852923759922084,0.026837404817342758,0.02598690800368786,-0.09050214290618896,-0.08985672146081924,-0.11584363132715225,-0.16538982093334198,-10.162254884402522,-7.472460241211629,-7.542415609349744,2.6198392750527777,-7.472460241211629,0.7039667859957757,4.980358252840215,9.006027086311084,4.025668833470869
1,construction,0.03224346645548139,0.0015967035797064125,0.0001572409455422192,-0.03208622550993917,0.0001572409455422192,-0.01460365012080539,0.026708614081144333,-0.06619921326637268,-0.1253705620765686,-0.1263274997472763,-0.06012828275561333,-0.0510677807033062,-14.607774505879636,-12.869856906364852,-15.306934837942372,-0.6991603320627355,-12.869856906364852,-0.32282108664923315,5.6788562353081815,1.009257492198813,-4.669598743109368
1,construction,0.1532187591028255,0.1143900657414171,0.12829922371206776,-0.024919535390757752,0.1143900657414171,-0.02636892566602954,0.022586381062865257,0.09353448450565338,0.05673603340983391,0.07281185686588287,-0.02072262577712536,-0.39128050208091736,-5.6030072383511715,-3.669238051412249,-5.485391937008808,0.11761530134236331,-3.669238051412249,-0.02151509241119065,9.491788960900891,9.17452373982555,-0.31726522107534016
1,construction,0.07685185185185185,0.06851119894598155,0.13010942463819272,0.05325757278634087,0.06851119894598155,-0.03496943929904074,0.001500926329754293,0.03954802080988884,0.007836666889488697,0.08658263832330704,0.0470346137881279,-0.2437971979379654,-0.06200075997989821,-2.4640791480027175,-5.548319264390047,-5.486318504410149,-0.06200075997989821,-169.58105418708104,10.604711812747777,8.103809337663625,-2.5009024750841515
1,construction,0.014239605088285551,0.028869867982010737,0.09326049389598082,0.07902088880769527,0.014239605088285551,-0.024880181510122445,-0.015964005142450333,-0.0691114217042923,-0.05439108610153198,0.03094354085624218,0.10005496442317963,-0.19672855734825134,-5.757425855238011,-7.202697799849081,-9.959890011883424,-4.202464156645413,-5.757425855238011,-0.19610403849136104,4.594578235034265,5.995081219552265,1.400502984518
1,construction,0.13608095288289238,0.10258418167580266,0.1140423193184941,-0.02203863356439828,0.10258418167580266,-0.022477454424890575,-0.015041793696582317,0.1045636534690857,0.054132021963596344,0.05378137156367302,-0.050782278180122375,-0.350166380405426,-10.195996290197034,-8.273048344518388,-11.489247459596456,-1.2932511693994222,-8.273048344518388,-0.25922448368992157,9.346815394971085,7.554062968495991,-1.7927524264750936
1,construction,0.09444228527011271,0.021261156664973514,0.08701454691044976,-0.007427738359662955,0.021261156664973514,-0.06946725942530772,0.03320738673210144,0.043879907578229904,-0.0646057203412056,0.017649687826633453,-0.02623021975159645,-0.2549217641353607,-6.3247201557438535,-9.806299954235842,-5.508453469998061,0.8162666857457923,-5.508453469998061,-0.5816820778498109,13.946187116770098,8.94212729046806,-5.004059826302038
1,construction,0.07866273352999016,0.07148864592094197,0.09684546458819197,0.018182731058201812,0.07148864592094197,-0.016265453138149102,0.047726623713970184,0.007541478145867586,-0.01324786338955164,-0.010566762648522854,-0.018108241260051727,-0.2960987985134125,-8.567698106839465,-8.480070557726345,-11.124834135253575,-2.55713602841411,-8.480070557726345,-0.7734224891519301,9.880281827579882,4.224977879467755,-5.655303948112127
1,construction,0.0931939778524325,0.058524173027989825,0.05839328537170264,-0.03480069248072986,0.05839328537170264,-0.01726945858407774,0.04768920689821243,0.08031362295150757,0.02460317499935627,0.0030695023015141487,-0.07724412530660629,-0.21816009283065796,-7.705832449257771,-7.986986139106828,-10.663145042994163,-2.9573125937363915,-7.705832449257771,-0.4107112485882001,7.478694279571203,5.96936310891898,-1.5093311706522226
0,false_positive,-0.03365347075817912,-0.05486241668090924,0.00856995353639649,0.04222342429457561,-0.05486241668090924,-0.042320658070017926,0.032419685274362564,-0.10056613385677338,-0.10167773813009262,-0.0422225296497345,0.05834360793232918,-0.4261724352836609,-6.362679937208305,-8.630493515749237,-8.536512020368773,-2.1738320831604687,-6.362679937208305,0.49381572499088855,1.257690204351758,5.902848378965256,4.645158174613498
0,false_positive,0.08879184861717612,0.062140162795314674,0.1508641734205644,0.062072324803388285,0.062140162795314674,-0.05768784822355559,0.10216367989778519,0.043028321117162704,0.016842706128954887,0.11158432811498642,0.06855600327253342,-0.41310232877731323,-1.0654360845648139,-0.4458167149604562,4.41448861339471,5.4799246979595235,4.41448861339471,-14.161611700310033,12.248074313518012,11.768053807073267,-0.48002050644474537
0,false_positive,-0.16329416884247172,-0.1882971582009398,-0.09914598345342941,0.06414818538904231,-0.1882971582009398,-0.05707708205298925,0.05876453220844269,-0.16113048791885376,-0.2097497135400772,-0.14085759222507477,0.02027289569377899,-0.20862634479999542,-7.344720035128077,-6.771385768940758,-5.489714703020104,1.8550053321079734,-5.489714703020104,-0.1003493061175067,4.934099682302035,3.1370390616313344,-1.7970606206707007
0,false_positive,0.002142996298460939,-0.00040096230954290296,0.06521489971346704,0.0630719034150061,-0.00040096230954290296,-0.034079910315506896,0.10518079996109009,-0.03588022664189339,-0.05075933784246445,0.0355217270553112,0.07140195369720459,-0.44245636463165283,-2.989169363341872,-3.826816425400976,-3.5180249720806134,-0.5288556087387413,-2.989169363341872,-1.0129023731904154,8.106515387824189,5.97733615324964,-2.129179234574549
0,false_positive,0.022614244158768886,0.022943722943722943,0.06270783847980997,0.040093594321041086,0.022614244158768886,-0.01971731837556648,0.04627152532339096,-0.005886575672775507,-0.01650596410036087,0.007464045193046331,0.013350620865821838,-0.2854819893836975,-3.550524081384799,-4.102276317182725,-6.240432705261939,-2.6899086238771397,-3.550524081384799,-1.1055807455195223,8.692186499823356,8.378162061319792,-0.314024438503564
0,false_positive,-0.002557209363320438,-0.0051196900511969005,0.04087499123606535,0.04343220059938579,-0.0051196900511969005,-0.024278580987569354,0.07491598278284073,-0.08127344399690628,-0.09051944315433502,-0.0467606820166111,0.03451276198029518,-0.28300270438194275,-6.614651383746351,-9.056725090632902,-7.112349074169948,-0.497697690423597,-6.614651383746351,0.1417359655721082,6.981085009014206,8.514429456030616,1.5333444470164102
0,false_positive,-0.28223201174743023,-0.27262461687368933,-0.2860423577443225,-0.0038103459968922837,-0.2860423577443225,0.011512567872187018,-0.0287733506411314,-0.3299930989742279,-0.3217226564884186,-0.32968321442604065,0.0003098666202276945,-0.48205792903900146,-6.3795262558584405,-6.726035910929361,-9.016551708061202,-2.637025452202762,-6.3795262558584405,-0.5358034189234131,6.173945982741936,3.8948940413320337,-2.279051941409902
0,false_positive,0.0008126117341134406,0.04695041684949539,0.11842773225034448,0.11761512051623103,0.0008126117341134406,-0.012669755142733566,0.09171789884567261,-0.13733410835266113,-0.06696539372205734,0.001402524532750249,0.13873662054538727,-0.1467367559671402,-14.357586913143496,-15.338758398539902,-16.029208988844882,-1.6716220757013858,-14.357586913143496,-0.17926604499682064,11.775194790994714,10.272661766037121,-1.502533024957593
0,false_positive,-0.09242285365108463,-0.13238471280637712,0.01556389177109107,0.1079867454221757,-0.13238471280637712,-0.09395523186638034,0.17012633383274078,-0.14126849174499512,-0.19821952283382416,-0.04115966707468033,0.10010883212089539,-0.48042240738868713,-7.62264275023747,-6.119697216677032,-12.273654621943715,-4.6510118717062445,-6.119697216677032,-0.44882491572421745,6.601275810539854,5.120371085879723,-1.4809047246601308
0,false_positive,0.06988115449915111,0.03452914798206278,0.1548398513537427,0.08495869685459159,0.03452914798206278,-0.07783135494438412,0.26976603269577026,0.025048526003956795,-0.013403204269707203,0.04449347406625748,0.019444948062300682,-0.4371697008609772,-11.618639220602203,-7.91539015646424,-13.354646374031018,-1.7360071534288153,-7.91539015646424,0.0462349057739635,8.153924964478234,9.989700216479806,1.8357752520015715
0,false_positive,-0.07705602765375198,-0.044809800128949064,0.05509433962264151,0.13215036727639348,-0.07705602765375198,-0.03382895611339383,0.20903286337852478,-0.14047132432460785,-0.11334379762411118,-0.005082141607999802,0.13538919389247894,-0.4373939633369446,8.682432402927217,9.672712850907258,9.546968523115268,0.8645361201880508,9.672712850907258,0.10968458753634813,25.230144165522624,26.69523081521578,1.4650866496931556
0,false_positive,-0.16308186195826646,-0.0957387935805202,-0.03025616239729338,0.1328256995609731,-0.16308186195826646,0.0009302185972597105,0.1726609170436859,-0.21994370222091675,-0.15081652998924255,-0.10335014760494232,0.11659356206655502,-0.3864000141620636,-8.797530709194273,-10.257522610354291,-9.981013048690931,-1.183482339496658,-8.797530709194273,-0.6644046408215789,7.105348567214293,1.4297597683118308,-5.675588798902462
0,false_positive,0.058266864945248076,0.020860326509458408,0.1381881446501802,0.07992127970493212,0.020860326509458408,-0.07736717828825573,0.20947487652301788,-0.0017636683769524097,-0.03492552787065506,0.06283566355705261,0.06459932774305344,-0.5125601291656494,-9.37380563435645,-11.060354280395613,-10.590492399111195,-1.2166867647547441,-9.37380563435645,0.10499563676890489,5.956000100994334,7.841023308191318,1.8850232071969835
0,false_positive,-0.031049104089727806,-0.07214444189426976,0.020282330034074314,0.05133143412380212,-0.07214444189426976,-0.06676105486644301,0.04806305840611458,-0.09497836977243423,-0.1338711380958557,-0.041296277195215225,0.05368209630250931,-0.4027000367641449,-6.654209482867713,-9.003002361448589,-11.752952447861427,-5.098742964993714,-6.654209482867713,-1.0680153988446923,9.791367610929353,4.741602555720993,-5.0497650552083595
0,false_positive,0.14918656974731742,-0.012063265123760164,-0.130915248195348,-0.2801018179426654,-0.130915248195348,-0.021198925899744876,-0.40620821714401245,0.130367711186409,-0.0699022114276886,-0.18930505216121674,-0.31967276334762573,-0.4103304445743561,-9.701401005899722,-10.978671985172612,-14.643936974499695,-4.942535968599973,-9.701401005899722,-1.1617051220926644,12.777442145698213,2.275180534074135,-10.502261611624078
0,false_positive,0.028549080954243255,0.040713536201469044,0.12036352108210926,0.091814440127866,0.028549080954243255,-0.03374276481670721,0.1815042793750763,-0.006155568175017834,0.014629686251282692,0.10384301096200943,0.10999857634305954,-0.37306660413742065,-6.989572834364091,-4.62050590839131,-2.2792878041043636,4.710285030259727,-2.2792878041043636,-1.9669703930934943,5.91272802110372,-2.555161084579243,-8.467889105682964
0,false_positive,-0.0777145951800704,-0.07162284678150499,0.14814093829083122,0.22585553347090162,-0.0777145951800704,-0.1068360183368854,0.3338458240032196,-0.11991869658231735,-0.10993283987045288,0.11395881325006485,0.2338775098323822,-0.47655585408210754,-9.909246876756352,-9.958549113081588,-6.583559807543731,3.3256870692126217,-6.583559807543731,2.277906727414349,4.035962955304626,17.678170387690678,13.642207432386051
0,false_positive,-0.010124610591900311,-0.038426442258947584,0.01648059542796385,0.026605206019864158,-0.038426442258947584,-0.04160443467697935,0.05294317752122879,-0.06538461893796921,-0.07994869351387024,-0.032069072127342224,0.033315543085336685,-0.35175880789756775,-5.653419522683919,-6.152096869930598,-8.627768070605242,-2.9743485479213234,-5.653419522683919,-0.937344553557111,8.398112116333447,4.729293069532856,-3.668819046800591
0,false_positive,-0.06952203600248293,-0.09368570976420319,0.07028730027754856,0.1398093362800315,-0.09368570976420319,-0.09406834190173602,0.16865088045597076,-0.1251804530620575,-0.15620344877243042,0.02279651165008545,0.14797696471214294,-0.4286133646965027,-10.126870916605974,-6.922674793421198,-6.016637544212418,4.110233372393556,-6.016637544212418,1.08606296816902,4.461565360061492,9.185179313874794,4.723613953813302
0,false_positive,-0.09078260869565218,-0.07598528638991067,0.026021505376344085,0.11680411407199626,-0.09078260869565218,-0.043604734730256625,0.13583123683929443,-0.14192496240139008,-0.12352772057056427,-0.029041916131973267,0.11288304626941681,-0.38205838203430176,-9.243613272010663,-11.031010701504849,-8.621854936770424,0.6217583352402389,-8.621854936770424,0.2519212189890987,7.6819539594106985,9.33726659454347,1.6553126351327716
0,false_positive,-0.12299161097682354,-0.0932787754792756,-0.08685894771839414,0.0361326632584294,-0.12299161097682354,0.011646503868333241,0.06452023983001709,-0.18838393688201904,-0.16103923320770264,-0.16129031777381897,0.027093611657619476,-0.35431089997291565,-8.283809384548086,-9.735487946354882,-10.05270387400897,-1.7688944894608838,-8.283809384548086,-0.945774846211473,11.770878208363413,4.776794215419489,-6.994083992943924
0,false_positive,0.05728169636283316,0.025357607282184655,0.06774716369529984,0.010465467332466685,0.025357607282184655,-0.037156822746881854,-0.011662609875202179,-0.022670025005936623,-0.04916820675134659,-0.010901883244514465,0.011768141761422157,-0.30414897203445435,-5.2554161414854015,-5.6712383292492,-6.56603337149996,-1.3106172300145582,-5.2554161414854015,-0.6058828218825152,9.107625577586694,7.400675767126708,-1.706949810459986
0,false_positive,-0.17788334652942728,-0.14106798788879713,-0.0459477171776014,0.13193562935182587,-0.17788334652942728,-0.029152456035282784,0.17793092131614685,-0.24468974769115448,-0.22197289764881134,-0.09674165397882462,0.14794810116291046,-0.38612645864486694,-6.460487571129233,-4.678575439313215,-3.6233430803735773,2.837144490755656,-3.6233430803735773,1.2403685013065786,7.68646441188965,8.805208761811553,1.1187443499219025
0,false_positive,0.09824561403508772,0.0665807560137457,0.12518230432668936,0.026936690291601645,0.0665807560137457,-0.04513320316714284,0.09372332692146301,0.0875513032078743,0.054077550768852234,0.1158609688282013,0.028309667482972145,-0.3361344635486603,-3.673520254207723,-3.2505339514828187,-5.415807826112636,-1.742287571904913,-3.2505339514828187,-1.223511597206886,8.76896059566884,6.301624335006658,-2.467336260662182
0,false_positive,0.06500328299409061,0.028343367381451667,0.16063829787234044,0.09563501487824982,0.028343367381451667,-0.08447742305176385,0.15321706235408783,0.005305039696395397,-0.035656556487083435,0.08676351606845856,0.08145847916603088,-0.3841954469680786,-7.135104636153558,-8.153861721706198,-12.822447313029947,-5.687342676876389,-7.135104636153558,-0.6870983368438681,9.169259829992496,7.667731354188199,-1.5015284758042977
0,false_positive,-0.11994868505452214,-0.12658447647160964,0.07047141617661236,0.1904201012311345,-0.12658447647160964,-0.10184584203265476,0.19802522659301758,-0.19360414147377014,-0.21230696141719818,0.018121911212801933,0.21172605454921722,-0.4069436490535736,0.5744492298732018,1.4809905566889645,-7.892190577154046,-8.466639807027247,1.4809905566889645,21.47961372071962,11.917770057074161,5.786434981175559,-6.131335075898602
0,false_positive,-0.2600652883569097,-0.3184636444158145,-0.2512185976752906,0.008846690681619085,-0.3184636444158145,-0.06282170139971438,0.015807010233402252,-0.31678640842437744,-0.38359585404396057,-0.3150033950805664,0.0017830196302384138,-0.4046553373336792,-2.6801807604509675,-3.90816620967991,-3.265434673423613,-0.5852539129726453,-2.6801807604509675,-0.22924245564520618,8.472994980988785,9.574612383890644,1.1016174029018586
0,false_positive,-0.12388039134628634,-0.14581854323441715,0.064499831593129,0.18838022293941534,-0.14581854323441715,-0.11612826335783848,0.21894420683383942,-0.17732207477092743,-0.20254313945770264,0.021242758259177208,0.1985648274421692,-0.4471989572048187,-5.587714762073035,-3.8248064171631455,-8.152116849190989,-2.564402087117954,-3.8248064171631455,-0.4060278972566205,8.177071296357173,8.61983481428172,0.44276351792454705
0,false_positive,0.07102803738317758,-0.0023775558725630053,0.17762371503705474,0.10659567765387716,-0.0023775558725630053,-0.12670343208267915,0.23882032930850983,0.04256828501820564,-0.05486821010708809,0.12061308324337006,0.07804479449987411,-0.4802316725254059,-4.980256198065101,-8.599804637569287,-10.560021536902813,-5.579765338837712,-4.980256198065101,-1.2157159488074396,9.308081141094432,6.898656134286085,-2.4094250068083465
0,false_positive,-0.22289079503264628,0.10093599797622059,0.09471393830794829,0.3176047333405946,-0.22289079503264628,0.16502442633856956,0.49002107977867126,-0.2830537259578705,0.022145194932818413,0.01441753190010786,0.2974712550640106,-0.39377617835998535,-11.58249919572803,-9.597324554798897,-7.352214289264295,4.2302849064637345,-7.352214289264295,1.674644105610311,3.0883592995436757,14.272737828780944,11.184378529237268
0,false_positive,-0.05541460809186807,-0.09430849601319768,0.1619550518384957,0.21736965993036378,-0.09430849601319768,-0.1475787178865115,0.4114759564399719,-0.09225945174694061,-0.13795217871665955,0.10434292256832123,0.19660237431526184,-0.4824797809123993,-8.763168900885576,-8.223861234449,-10.728532435962034,-1.9653635350764578,-8.223861234449,-0.5089336660471127,10.031796655091027,6.8215708902398475,-3.210225764851179
0,false_positive,-0.09356318643125261,-0.13588079079374446,-0.0672828385681836,0.026280347863069015,-0.13588079079374446,-0.05545777829402636,0.05124138668179512,-0.15143007040023804,-0.20197135210037231,-0.13523347675800323,0.0161966010928154,-0.42909637093544006,-8.038505517630684,-8.243092402042805,-7.608215342676344,0.4302901749543402,-7.608215342676344,1.018338632554101,3.709747394553366,11.258909312953817,7.549161918400451
0,false_positive,-0.043970172280791975,-0.051555728054854776,-0.1194574189007614,-0.07548724661996943,-0.1194574189007614,0.030158067535921908,-0.08166798949241638,-0.07889673113822937,-0.0869048535823822,-0.1599969118833542,-0.08110018819570541,-0.5155818462371826,-9.83208706781846,-11.027647278219945,-10.850474632783996,-1.0183875649655363,-9.83208706781846,-0.29561519548759985,10.965136383557958,8.893317710586977,-2.0718186729709807
0,false_positive,-0.09170169702631169,-0.047742328485494555,0.14339118825100133,0.23509288527731304,-0.09170169702631169,-0.07358707409783938,0.36027008295059204,-0.13910970091819763,-0.10858995467424393,0.0823620855808258,0.22147178649902344,-0.43830665946006775,-9.856738574968167,-7.5280122316541025,-13.132985600325783,-3.276247025357616,-7.5280122316541025,0.10060804369012688,4.325432659002258,7.0844321535158965,2.7589994945136382
0,false_positive,-0.21387127243287005,-0.18740297183410956,-0.09061690920453531,0.12325436322833473,-0.21387127243287005,-0.03515888101540687,0.10488934814929962,-0.2619086802005768,-0.2450404167175293,-0.1468672752380371,0.11504140496253967,-0.47591298818588257,-7.6350336424230285,-9.762082496739989,-7.809959793729767,-0.17492615130673883,-7.6350336424230285,0.5982745766584785,6.255569196871191,11.071390846455358,4.8158216495841675
0,false_positive,-0.08184383819379115,-0.15617423946195355,0.0364942107577312,0.11833804895152236,-0.15617423946195355,-0.13349942574392357,0.19871117174625397,-0.12425565719604492,-0.2054525911808014,-0.010900282301008701,0.1133553758263588,-0.4638354480266571,-6.907427800169042,-8.98189228527113,-14.266265439687555,-7.358837639518512,-6.907427800169042,-0.8260102493820516,7.642297057688712,3.999947190637787,-3.6423498670509247
0,false_positive,-0.18852817003930702,-0.1357769747031492,-0.03503746143675628,0.15349070860255074,-0.18852817003930702,-0.023994158965117543,0.1230822205543518,-0.24671585857868195,-0.1786785125732422,-0.07017793506383896,0.1765379160642624,-0.45543670654296875,-7.529778472945391,-5.9087583804298935,-12.942106960191007,-5.412328487245616,-5.9087583804298935,-0.7613029741147683,8.895055524641148,5.435866805839767,-3.4591887188013803
0,false_positive,-0.004959087527894868,-0.04207721385635496,0.03936063936063936,0.04431972688853423,-0.04207721385635496,-0.059277989772727205,0.08950676769018173,-0.06369888037443161,-0.0956440269947052,-0.014118841849267483,0.04958003759384155,-0.3110901117324829,-4.640031794683188,-3.9206585227822726,-4.935062040248537,-0.29503024556534907,-3.9206585227822726,0.21867160830192356,8.60587892285628,10.232230232749215,1.626351309892934
0,false_positive,0.06066085812921256,0.03755758569532287,0.11262798634812286,0.0519671282189103,0.03755758569532287,-0.049086836543344836,0.09364074468612671,0.03627827391028404,-0.004621546715497971,0.06719207763671875,0.03091380186378956,-0.5080745220184326,-7.8289484562995,-7.838995109115249,-7.935456139674875,-0.10650768337537464,-7.8289484562995,-0.33620540447427083,6.1712877404317865,3.5873008012709313,-2.583986939160855
0,false_positive,-0.07103459802774528,-0.027791729449188014,0.15886664787144064,0.22990124589918592,-0.07103459802774528,-0.07170775437103569,0.3940248489379883,-0.1375190019607544,-0.07704314589500427,0.09576307982206345,0.23328208923339844,-0.40930068492889404,-8.694630288047133,-8.776271364979177,-10.655353977850776,-1.9607236898036433,-8.694630288047133,0.3177289342573191,5.328978263874236,9.91622895300915,4.587250689134914
0,false_positive,-0.12067640276710223,-0.0991207774178621,-0.035730930557713224,0.084945472209389,-0.12067640276710223,-0.02091711075545437,0.01623060740530491,-0.1825396865606308,-0.1516781598329544,-0.08925068378448486,0.09328899532556534,-0.4938867390155792,-8.18249635692287,-6.669158984979041,-3.8819608866886846,4.300535470234186,-3.8819608866886846,1.2279947878548874,8.385186600279232,8.745149446781157,0.3599628465019258
0,false_positive,0.030408340573414423,0.014331210191082803,0.0893438808748255,0.058935540301411085,0.014331210191082803,-0.045544900533037155,0.08973613381385803,-0.006750240921974182,-0.02855929546058178,0.0584595687687397,0.06520981341600418,-0.44593411684036255,-6.595803180826192,-8.54006956520413,-5.046088225757382,1.5497149550688105,-5.046088225757382,0.5705865949957287,7.832552047971167,8.871487433106411,1.038935385135244
0,false_positive,-0.18073405117517657,-0.14778060882392383,0.17288999128511096,0.35362404246028756,-0.18073405117517657,-0.14385857887889103,0.433141827583313,-0.25940027832984924,-0.2331150621175766,0.09483391046524048,0.3542341887950897,-0.32387226819992065,-6.12057148836408,-5.8604660722253,-4.621145833872959,1.4994256544911204,-4.621145833872959,1.6503009936313529,10.211198126277763,15.335926938394444,5.124728812116681
0,false_positive,-0.048537549407114626,0.008651480276212398,0.14751469802244788,0.1960522474295625,-0.048537549407114626,-0.040837094031454226,0.45493781566619873,-0.08148439228534698,-0.03265263885259628,0.08652076125144958,0.16800515353679657,-0.48555096983909607,-9.429304073823007,-8.76970908680728,-9.097228725359827,0.33207534846317976,-8.76970908680728,-0.06728966907454148,7.027321640621592,6.167688300605235,-0.8596333400163569
0,false_positive,-0.004924797018501265,-0.018555240793201134,0.004213580161635698,0.009138377180136962,-0.018555240793201134,-0.01819963236476835,0.009466844610869884,-0.056179776787757874,-0.07928947359323502,-0.060999225825071335,-0.004819449968636036,-0.35845357179641724,-11.182163905588682,-12.040369195329268,-12.49285042779876,-1.3106865222100783,-11.182163905588682,0.06772574291749778,6.533925473725867,8.145869115876447,1.61194364215058
0,false_positive,0.0004263180332528066,-0.024141749723145072,0.11310993533215756,0.11268361729890475,-0.024141749723145072,-0.08090987640585026,0.2989431619644165,-0.05098776891827583,-0.08143844455480576,0.04331279546022415,0.09430056810379028,-0.4272778630256653,-6.963777123602229,-11.161601735330363,-9.671408182914279,-2.7076310593120496,-6.963777123602229,-0.35996304900272635,10.137584037194488,10.597893837514883,0.46030980032039537
0,false_positive,-0.27211172238679643,-0.006621245561846272,0.18020582439238012,0.45231754677917657,-0.27211172238679643,0.03933170343536188,0.49173739552497864,-0.3286004066467285,-0.0754692554473877,0.14219653606414795,0.47079694271087646,-0.5027377605438232,-10.087533201079044,-9.308289731326548,-10.620853030600035,-0.5333198295209911,-9.308289731326548,0.2604294449432971,5.840959259228798,8.915748973201413,3.0747897139726152
0,false_positive,-0.06998813760379596,-0.06477093206951026,0.057113492879166054,0.12710163048296202,-0.06998813760379596,-0.05833360970719531,0.08068772405385971,-0.0940680056810379,-0.08880309015512466,0.04526901617646217,0.13933701813220978,-0.5389237999916077,-9.015060916565194,-6.567162027904918,-6.19917273090914,2.8158881856560534,-6.19917273090914,0.1553796237310625,4.7826431351942595,4.25199168932353,-0.5306514458707294
0,false_positive,-0.09793018226753167,-0.09805261359754014,-0.03053115851108323,0.06739902375644843,-0.09805261359754014,-0.03382194320823269,0.03679254278540611,-0.16009069979190826,-0.1452905833721161,-0.08038976788520813,0.07970093190670013,-0.22814151644706726,-10.18854924576473,-9.925302784025147,-12.049449490400672,-1.8609002446359426,-9.925302784025147,-0.23459969396543956,4.98982230353668,3.074397439219915,-1.9154248643167655
0,false_positive,-0.04686283668067881,0.019987977156597534,0.07776655605251767,0.12462939273319648,-0.04686283668067881,0.004536117470678103,0.029656141996383667,-0.14489619433879852,-0.06107909977436066,0.025201907381415367,0.17009809613227844,-0.45404359698295593,-9.17033208432731,-8.789374254499819,-9.3422770694588,-0.17194498513149092,-8.789374254499819,0.056605100585247925,4.919905851656283,5.540975294802189,0.6210694431459061
0,false_positive,0.012695169998540786,-0.004413855016084387,0.11938861475508485,0.10669344475654406,-0.004413855016084387,-0.07045574739289721,0.2547832429409027,-0.0360078290104866,-0.06239185854792595,0.04010889306664467,0.07611671835184097,-0.4191875457763672,-9.041085069423591,-9.80553783492429,-11.797709724806374,-2.756624655382783,-9.041085069423591,-0.28509961705814546,7.72428877375939,6.715900031729323,-1.0083887420300677
0,false_positive,-0.04978783592644979,-0.033907468911717,0.06372145263946087,0.11350928856591067,-0.04978783592644979,-0.04087427726822254,0.11187389492988586,-0.11936890333890915,-0.11225864291191101,-0.005249637179076672,0.1141192615032196,-0.34065935015678406,-7.530701592490161,-6.740973994877046,-6.267340438550351,1.26336115393981,-6.267340438550351,1.1517304715674181,5.6046554175477095,11.88269745374028,6.27804203619257
